发表时间,信息,用户名,内容,用到表情,收藏,转发,评论,点赞,情感
03月10日14:35,,人间投影仪,那就摆烂#每天啥都不想干怎么办##成长有态度#,[],0,13413,1930,21371,mid
03月12日17:18,来自iPhone客户端,我是凉斤斤,哈哈哈哈哈哈哈哈哈嗝…#每天啥都不想干怎么办#L我是凉斤斤的微博视频,[],0,3,33,412,positive
03月12日15:25,来自亓昊楠Android,故宫古钟表修复师,现代钟表工艺制品，音乐转花钟。#坚持做长期正确的事##工作带来的疲倦感如何缓解##我就是玩##每天啥都不想干怎么办#2北京L故宫古钟表修复师的微博视频,[],0,7,10,63,positive
03月11日15:18,来自每日一善超话,刘语丝Angela,#每天啥都不想干怎么办#不想干就不干。但有个大前提――权衡好利弊，百分百确定自己能承受最差结果。如果每天什么都不干，内心还能圆融，自洽，和谐，自在，不焦虑，不与外人比较，不否定、攻击自己，不觉得自己活得没价值，没意义……那当然可以什么都不干了。若真能做到，那恰恰说明，你的内心已经强大到一定程度，甚至已证悟空性，超越凡夫的境界了。这种状态，凡夫是不可能做到的。凡夫都需要通过不断做事，来获得一定的成就感，价值感，自我满足感。我自己也是凡夫，也不例外。人生的智慧在于平衡。我们永远都有选择权。没有什么是必须要做的。每个人的选择，必然是在自己现有认知基础上，权衡利弊、得失后，得出的现阶段人生最优解。如果你权衡后，觉得现阶段的自己可以躺平，有躺平的资本，那你当然可以什么都不干。反之，若觉得不能躺平，那就支楞起来。重点是，别一边躺平，一边又羡慕别人成功。也别一边当卷王，一边羡慕别人过得轻松。取舍、平衡之道，是为人生大智慧。只要能自洽，就是好人生。人间美好，人间值得。愿天地万物，一切众生吉祥如意！――刘语丝Angela关注@刘语丝Angela，帮你活出本自具足、天生圆满的自己！#让她健康##微博健康公开课#收起全文d,[],0,49,12,351,positive
03月13日16:04,来自摸鱼专用的iPhone12Pro(海蓝色),五道口校霸,#每天啥都不想干怎么办#也不是不想干吧，就是觉得我也是第一次来，凭什么啥都按照你说的剧本来做想干还是不想干主要看干啥，你找我干活，对不起我不想；你请我吃饭，半夜12点我都去；这就是人情世故，你白嫖我劳动力是事故，请我吃饭是人情热爱生活最好的样子，不是今天进行了多少无效social，而是去做自己想做的事儿，躺平、佛系从来不是错，焦虑才是；按照自己的计划去生活，去快乐，去开心，因为生活中经历的任何事情都是成长啊收起全文d,"['[doge]', '[吃瓜]', '[爱你]']",0,0,0,202,mid
03月11日14:06,来自猫的Android,咖啡布偶猫,#每天啥都不想干怎么办#拖延症，想的太多，干的太少，无限焦虑内耗，还有的就是要做的事情太多，需要别人配合，又没有太明确的进度规划，索性就拖着了，反正一个人干不完。还有就是身体精力跟不上，头脑飞快奔跑，但是肉体动弹一下都累，吃饭都恨不得顿顿外卖，觉得工作累，和别人说话累，拿起笔累，一切都是累的。或者觉得哪里非常难受，影响工作和正常生活，只能干轻活，但查不出来具体病，就是虚弱。还有的人情绪问题很严重，悲观消沉走不出来，思绪纷乱注意力不集中。保持能养活自己的基础上，只能说别太强迫自己，能干多少干多少，不要一口吃个胖子，就不会拖延了。#星座闪光季#收起全文d,[],0,108,71,371,mid
03月10日17:38,,Tn呆小云,#每天啥都不想干怎么办#其实你并不是什么都不想干，而是有好多事情想做，却又不知道从什么地方开始，就算开始也因为在短期内看不到结果就不想开始，或是就算开始了，一时半会也做不完……于是就算是不刷短视频，不玩游戏，不刷微博……就望着漆黑的手机屏幕神游万里，也不想着手做正事，因为你有太多想法，太多假设，太多顾虑。这是由于想得太多，内心过于浮躁的表现。摆脱这种状态最好的方式就是给自己做减法，放空自己的大脑。拿出一张纸，一支笔，将要做的事情按照简单到复杂或是从重要到不重要的顺序写下来，然后留下第一个，把其他的全部划掉，也不要去想做这事有多麻烦，就这样埋头去做。这样做着做着，你就能摆脱纠结的心里困境，迈入正轨。#微博新知博主#收起全文d,[],0,25,7,133,negative
03月09日10:33,来自微博weibo.com,小舒冉冉不轻易放弃,#每天啥都不想干怎么办#1，不得不说，“每天什么都不想做，只想躺着待着，刷手机”这种情况很正常――建议你可以命令自己每天必须躺着刷手机4小时，少一分钟都不行；如果你还觉得不过瘾，你可以命令自己每天刷满8小时，上午4小时，下午4小时，晚上再加班刷2小时（我不是在开玩笑），不过一旦制定了时间表，一定要督促自己严格执行，说8小时，就必须刷满8小时，少一分钟都不行，都算迟到早退。2，如果你真的严格执行以上计划，最多一两天、或者一周时间，就能彻底治好你的“躺平瘾、手机瘾”了。你如果真的命令自己必须一口气刷满2小时或者4小时手机才作罢，一旦把它当成任务指标，就会发现兴趣阙如，你很快就会厌倦。坚持满4小时之后，你甚至看见手机都想吐了。3，这背后的心理学原理很简单，那就是，如果你诚实地观察自己，就会发现几乎我们每个人最大的问题不是喜欢耍手机、喜欢躺平不干活，而是我们的心习惯性地不安分、左摇右晃，左顾右盼，心思不定，刷手机舒服，但一直刷心里就有点烦了，刷一会儿你也许就想干点别的，吃东西、看电视之类，或者去外边耍、去找朋友唠嗑；反正心里一会儿一个注意、一会儿一个想法、一会儿一个情绪感受――而你自己一直无意识地活着，就像猫儿追自个尾巴一样，你在不停地追着自己心中不断升起的、又不断幻灭的、动态变化的情绪念头、心思想法之类。你直觉地认为，只要我第一时间响应内心想法念头，想刷手机就刷、想躺平就躺平，我就会过得幸福开心。4，事实上这是人生第一大陷阱，我们每个人一天到晚内心情绪想法、念头感受就像河流一样，动态变化、川流不息、不断生灭。我们没必要第一时间对其响应，而应该学会正念觉察、正念观察内心情绪念头；与之拉开心理距离；不被其所裹挟、引诱和沉溺其中无法自拔。5，同时外在积极行动起来，承担责任、努力工作、自食其力、好好生活下去；工作很多时候很苦很累，就像你自我要求必须每天刷满8小时手机一样累；那么同样受累，什么样的日子虽累但值得一过呢？不是浑浑噩噩躺平刷机混日子，即时响应内心各种动态念头情绪；而是对自我内心保持正念觉察的同时，不要被其裹挟，积极承担责任，把握自我、把控内心，把工作干好，把自己的生活过好，这样的日子虽然不太轻松、甚至不太自由，但它最充实、最有价值、最有意义。收起全文d,[],0,19,2,58,positive
今天00:09来自微博,视频号,葱油饼不带葱,布加迪威龙，听说你有个110限量10台，要不要送我一辆？#拯救不开心##每天啥都不想干怎么办##你手机里最后一张照片是什么#L葱油饼不带葱的微博视频,[],0,0,1,0,mid
03月19日21:41,来自iPhone客户端,牙医姜原,病例53.窝沟龋#补牙##每天啥都不想干怎么办#2赣州,[],0,0,0,0,mid
03月19日18:23,来自新版微博weibo.com,号1628637282627276,关于在#潭州教育#线上学习的感受与思考。说实话，这个课程还挺适合我这种上班族的，想什么时候学就什么时候学，一转眼居然已经坚持学习快一周了，原来下班后的时间也可以如此充实呢！#每天啥都不想干怎么办#,[],0,0,0,0,positive
03月19日13:39,来自新版微博weibo.com,525,#每天啥都不想干怎么办#虽然原画学习有一定的难度，但是在#潭州教育#讲师的带领下，我有信心学好它。,[],0,0,0,0,positive
03月19日10:36,来自nova7Pro你在焦点在,一直吃到瘦,封校日常#每天啥都不想干怎么办#,[],0,0,2,0,mid
03月18日23:30,来自iPhone客户端,王益达wdd,封校日记今天的核酸，羽毛球，钢琴课#每天啥都不想干怎么办##日常碎片plog##生活碎片#2宿迁・宿迁学院,[],0,0,1,2,mid
03月18日21:01,来自摄影超话,路深鹿,#每天啥都不想干怎么办#路过数码配件，想买一个相机读卡器我：老板，有读卡器吗？老板：我找找，嗯……还有一个，你要吗？我：要，老板多少钱？老板：80元我：？？这么贵了？刚说完～老板：15给你了我：你说多少？老板：15我：是15吗？老板：是的，扫码在桌上……,"['[允悲]', '[允悲]']",0,0,1,0,negative
03月18日16:36,来自微博weibo.com,科龙空调,#每天啥都不想干怎么办#也许不是你的锅，是空气的错！当空气中二氧化碳浓度超标时，人体会感觉浑身乏力、精神不振，#科龙增氧新风空调KL#急速新风系统，将室内混浊空气排出，不断引进新鲜空气，保障家人呼吸健康，关窗也能享受新鲜空气！#年轻就要潮出色#,"['[费解]', '[裂开]', '[微风]', '[打call]']",0,1,11,16,mid
03月17日17:02,,退役赖床选手,#每天啥都不想干怎么办#,[],0,0,2,0,mid
03月17日13:20,来自新版微博weibo.com,525,#每天啥都不想干怎么办#我在#潭州教育#的学习经历，让我可以学习到一个播音必须掌握的东西，还有就是掌握关于播音各方面的技能为以后找到一份好的工作做铺垫。,[],0,0,0,0,positive
03月17日11:58,来自RedmiK20Pro尊享版,葱油饼不带葱,【西葫芦酿肉】材料：西葫芦1根、猪肉200克、鸡蛋2个、盐适量、胡萝卜1段、葱1段、姜1片、料酒1/2汤匙、生抽1汤匙、胡椒粉1茶匙、做法：1.准备好所需材料，西葫芦洗净，胡萝卜去皮洗净。2.将猪肉剁成肉泥。3.将猪肉泥放在大碗中，加入葱末，姜末，胡椒粉，料酒，盐搅拌均匀待用。4.将西葫芦切成硬币厚的片。5.锅加水烧开，下入西葫芦焯水至变软，捞出，放在冷水中投凉，捞出控净水。6.将西葫芦片放在案板上，取适量大小的肉馅放在西葫芦上。7.将西葫芦片卷成半圆，将肉馅夹在中间，转圈码在盘内。8.在中间转圈摆上西葫芦片，再将剩余的肉馅在底部抹平，上面磕入两个鸡蛋，把胡萝卜末洒在西葫芦上，这样摆完是不是很像一朵花的形状。9.蒸锅加水烧开，将盘子放在笼屉内，盖上锅盖，上汽，大火蒸10分钟即可，到时间后取出，将生抽淋在鸡蛋上即可。#春日炫食记##每天啥都不想干怎么办##种草花花万物#收起全文d,[],0,0,0,0,mid
03月17日04:14,来自点评,我真的没想好_,#每天啥都不想干怎么办#比如我现在就不想睡觉,[],0,0,0,0,mid
03月16日23:23,来自HUAWEIMate40,木你嘿,#每天啥都不想干怎么办#《当耙耙柑遇见耙耙柑》,[],0,0,0,0,mid
03月16日21:16,来自iPhone客户端,我不要吃煎饺,#每天啥都不想干怎么办#只想每天和被窝粘在一起,['[泪]'],0,0,0,0,mid
03月16日11:43,,沐森君,#每天啥都不想干怎么办#印太多的人容易有拖延症，想的太多，干的太少，无限焦虑内耗，还有的就是要做的事情太多，需要别人配合，又没有太明确的进度规划，索性就拖着了，反正一个人干不完。身体精力跟不上，头脑飞快奔跑，印多缺乏财官的人行动力差。身体容易累，只能干轻活，但查不出来具体病，就是虚。只能说别太强迫自己，能干多少干多少，不要一口吃个胖子，就不会拖延了。#为什么女生要把自己看得金贵#收起全文d,[],0,0,0,1,negative
03月16日07:59,来自RedmiK20Pro尊享版,葱油饼不带葱,荞面蒸卷把和好的荞面擀成小长条状，放入油、葱沫、盐、花椒沫、层层叠起，再擀成薄厚均匀的长条状，放入锅内用文火烙成两面金黄色，鼓起即熟，入口酥脆，五香味全。#每天啥都不想干怎么办##厨艺教程##创意美食#,[],0,0,0,0,positive
03月16日07:59,来自RedmiK20Pro尊享版,葱油饼不带葱,拨面虽与面条大体相同，但做法不同。面条是和面擀薄用刀切，而拨面时用的刀是两端各有一柄，面板一尺多宽、二尺多长。切面时用腹部将面板顺着挤在锅沿处，把面剂子擀薄后，两手握两端刀饼快速挤切，边切边拨入锅内煮熟，由于作法特殊，因此，制作出的食品另有一种风味。#每天啥都不想干怎么办##创意美食##厨艺教程#收起全文d,[],0,0,0,0,mid
03月16日00:04,来自RedmiK20Pro尊享版,葱油饼不带葱,简单凉粉　　食材：50g玉米淀粉、适量油、适量盐、适量芝麻油、适量蒜、1个红辣椒、适量香菜、适量醋、适量生抽、适量凉开水。　　做法：　　1、玉米淀粉放碗里；　　2、加适量水，搅拌成淀粉糊糊；　　3、锅内放200毫升水，烧开，下淀粉糊糊下去搅拌；　　4、搅拌好的凉粉放碗里用勺子压平；　　5、如果不放在冰箱，就象我这样，上面放点凉水给凉粉过凉，把蒜香菜切好，红辣椒做成辣椒油；　　6、准备碗凉白开水，把凉好的凉粉切条放进去；　　7、放入适量盐，加蒜，放入一勺醋；　　8、生抽；　　9、辣椒油，最后再加点芝麻油让它更香；　　10、拌匀，最后放碗里加点香菜即可。#每天啥都不想干怎么办##厨艺教程##我的美食日记#收起全文d,[],0,0,0,1,negative
03月15日16:29,转赞人数超过100来自iPhoneXSMax,二宫占星,女人财富最大的阻碍是恐惧和焦虑，把事情都聚集在自己身上，让浑身都紧绷劳累。女人的财富是吸引来的，抓住重点，其余的都分出去。抓得越紧，财富越少。#每天啥都不想干怎么办#,[],0,71,6,206,mid
03月15日15:04,来自HUAWEIP20,羊咩咩本尊大侠,#每天啥都不想干怎么办#不知道干什么，想躺平2福州・旗山高校教师公寓,[],0,0,0,0,mid
03月15日14:08,来自新版微博weibo.com,525,#每天啥都不想干怎么办##潭州教育#的老师讲的内容非常实用，要想获得长远发展，一定要不停的扩充自己的知识面。,[],0,0,0,0,positive
03月15日13:16,来自新版微博weibo.com,修正生活,#每天啥都不想干怎么办#在#潭州教育#，不忘热爱配音的初心。无论在哪个年龄，都要勇敢追逐梦想。在追求艺术的路上，永远都没有借口，热爱才是每个人最好的讲师。,[],0,1,0,0,positive
03月15日10:48,来自情感超话,打开眼界,#像极了我作为普通人的日常#上了大学下次一定#每天啥都不想干怎么办#L打开眼界的微博视频,['[跪了]'],0,0,0,3,mid
03月15日08:51,转赞人数超过10来自日常超话,#NAME?,拍摄花絮每日一问:有没有宝子想来菊厂做实习生呀！！来了姐姐带你们玩！#每天啥都不想干怎么办##写真##打工人#日常2北京,[],0,0,35,15,mid
03月14日23:47,来自iPhone客户端,璐子好孩子,#每天啥都不想干怎么办#开始摆烂不想学习描红好好玩,"['[伤心]', '[思考]']",0,0,4,1,mid
03月14日23:04,来自iPhone客户端,娟shmily欧耶,#每天啥都不想干怎么办#现在是什么也干不了,"['[苦涩]', '[苦涩]']",0,0,0,0,negative
03月14日21:26,转赞人数超过20来自微博视频号,眼整形医生刘志刚,接受《法制晚报》采访视频第二片段，在录制之前我就在想，能不能尽量用通俗的话给大家讲解明白我的双眼皮手术理念及方法，主持人开玩笑说她听完我的讲解后，她可以当专家了在这段里讲了下我做双眼皮修复手术这些年的经历和一些算是“行业内幕”吧，视频最后说了些心里话，真的帮助到有失败双眼皮困扰的求美者走出阴霾，是我最大的“动力”#双眼皮修复##双眼皮##双眼皮手术##全切双眼皮##双眼皮失败修复##美杜莎##每天啥都不想干怎么办#L眼整形医生刘志刚的微博视频收起全文d,"['[哈哈]', '[心]']",0,25,12,29,mid
03月14日21:23,来自iPhone客户端,都别闲着给我努力_,#每天啥都不想干怎么办#我…,[],0,0,0,0,mid
03月14日19:43,,cc是不倒翁,#每天啥都不想干怎么办#正好最近也经历了一小段时间的颓丧，所以看到这个话题时，一下子就想起了之前那些小挣扎的时刻。相信每个人都有过状态不佳的时候，比如明明有好多事想去做，但却一直拖着。所以我们不妨把这个话题换成：当你状态不好的时候，该怎么调整？在这里也分享几个tips：①做一下纯执行类的工作。当你状态不好的时候，就不要再过度用脑，反而可以花点时间去处理那些事务性工作。这些工作既不用花费你太多心思，而且做完后，你的心也会慢慢平静下来。②做一些日常琐碎，但却能给你带来成就感的小事。记得之前看松浦弥太郎的《崭新的理所当然》这本书时，有一节就写到，每当我感到沮丧的时候，就会跑去厨房煎鸡蛋：「敲碎光泽十足的圆滚滚的白色鸡蛋，橙色的蛋黄被滑溜溜的透明蛋白包裹着，滑落而出。凭感觉随意加进盐和砂糖，搅拌均匀。在平底锅加点油，轻轻倒进蛋液。」做完之后大口吃下去，只要味道不错的话，自己的自信心就会大大增强。和松浦弥太郎煎鸡蛋类似的还有，整理房间、写日记、烧菜、看一部治愈的电影/动漫。通过做一些拿手的事情，自己也会变得更开心，更自信。③用“微习惯”来降低行动难度。“微习惯”顾名思义，是指行动的最小化步骤。不知道大家发现没，很多时候我们感到力不从心，很大程度上是因为我们连自己的目标也不清晰，或者说太宽泛。而“微习惯”则是从最小行动出发，比如读十页书，做5分钟俯卧撑，就比起看书、锻炼这两个目标来得更具体，更有实操性。以上就是我在低谷期尝试过的方法～很神奇的是，每次做完一件小事后，我的心情也跟着变得明媚起来。也希望对大家有所帮助。收起全文d,['[心]'],0,0,0,0,positive
03月14日15:16,转赞人数超过40来自微博国际版,一凡Genius,#每天啥都不想干怎么办#承认接受这就是自己的人生。,[],0,9,11,55,mid
03月14日15:00,来自微博weibo.com,星辉玩具,#星辉嘻游记#来一辆“懒人专用车”――MINI三合一折叠三轮车一键折叠，宝妈一手搞定小小踏板，宝宝轻松踩踏#每天啥都不想干怎么办#替宝妈们省心省力~,"['[星星]', '[星星]']",0,2,4,5,positive
03月14日12:24,转赞人数超过1万来自安宥ayu超话,安宥Ayu,每天都有在好好工作！#春季出街look#最近的温度真是叫人难以琢磨，真是在短短的一周感受了四季#每天啥都不想干怎么办#哈哈哈哈哈这个热搜是谁每天都想躺尸并发出灵魂一问安宥ayu,[],0,1226,2095,11254,positive
03月14日12:19,转赞人数超过2万,智妍Svea_,"周7好呀UU们～每周一问：今天大家都去哪玩辽U1s1偶发现真的好喜欢拍和耶,可能是因为她们真的太好看了叭～明天就是周一辽我激情满满的等待明天搬砖了hhh（作为打工人的自觉#每天啥都不想干怎么办##春季出街look#",[],0,1112,2286,17312,positive
03月14日10:40,来自Android,脑袋好像又困困困掉了,永远年轻，永远装嫩，永远不知好歹，永远热泪盈眶我的学生问我，老师你十几岁啊哈啊哈哈哈哈哈，笑死，装嫩成功#我是表情帝##日常摸鱼##每天啥都不想干怎么办#,"['[doge]', '[doge]', '[doge]', '[doge]', '[可怜]']",0,0,1,1,positive
03月14日09:37,来自微博weibo.com,三铜钱,八字偏弱的人胆儿怕事，唯唯诺诺，患得患失，许多人问我，那弱的人能不能变强，很抱歉，不可能。这些骨子里的东西不会因为大运改变而改变，只能说你换了一个补强的大运，你这些缺点会稍微收敛一点，人变得稍微积极一点，有可能潘磕嫦。弱的人就是要比强的人付出更多才能成功。为什么，你会觉得周围小人很多，告诉你一个扎心的事实，就是因为你太弱了，你要一直跑，只要你的速度够快，当你成功时，经常挤兑你的人，反而会客客气气，那些看不起你的人，也会对你另眼相看，一切则会变的顺风顺水，生活就是如此现实！你每往前走一步，身边的小人就会少一些，直到你走到足够高的位置时，你会发现你身边全是好人！#盗取天机##每天啥都不想干怎么办#三铜钱佛教语录收起全文d,[],0,11,10,50,mid
03月14日07:25,来自微博搜索,张宏涛心理,#每天啥都不想干怎么办##自传写作班#那就回顾自己的过往人生，假定有一个摄像头，把你从出生到现在的所有经历都记录了下来，然后快进播放。这就是你的人生电影。你来看看这个电影叫什么名字合适？这个电影是喜剧，是悲剧，还是正剧，又或者是无聊剧？你就是电影里的绝对主角，和一号导演。电影接下来要怎么演下去，完全取决于你的想法和行为。不必急着往前走，可以先回头看看你这一路走来的得失成败和经验教训。看看自己忽视了什么，又对哪些早该放下的东西，不舍得撒手？当你回首往事，你会更加了解自己、理解自己，也就更知道接下来要做什么。行有不得，反求诸己。当你发现什么都不想干的时候，说明你到了要回头，要回顾自己人生的时候了。这时候，你需要把你的人生经历写出来，写一份无比真实的自传。欢迎加入“自传写作班”，走上这条少有人走的路，去更深地认识自己，拥抱自己！收起全文d,[],0,0,0,3,mid
03月14日02:47,转赞人数超过50来自iPhone12,八级大大大大大大狂疯,每天光想干怎么办？#每天啥都不想干怎么办#,[],0,6,21,77,negative
03月13日23:23,来自OPPOReno45G,别吃花生米,#每天啥都不想干怎么办#焦虑了眼高手低又停课了我要立flag明天开始认真学习好好减肥加油,"['[泪]', '[泪]', '[加油]']",0,0,0,0,mid
03月13日22:41,转赞人数超过10来自HUAWEIMatePadPro,喵星君大大,给人起名这个事，是最难的。明明是我精挑细选的字，却总是因为不被人喜欢，而又要被人围绕这个含义修改一下。但其实字字皆有用意。名字重要吗？以前听郭德纲的时候，讲过这么一个事。古代的皇帝的名字要有“讳”，也就是说写皇帝的名字要少一笔。咸丰皇帝奕}，少一笔就是宁字底下少一勾，这叫“独丁”，所以咸丰皇帝一辈子就一个儿子。同治皇帝载淳，少一笔就是子字少一横，这叫“无子”，所以同治皇帝没有儿子。光绪皇帝载，少一笔就是舌字少一撇，这叫“无舌”，所以光绪皇帝一辈子没有话语权。再看大明王朝每个皇帝起名都有五行，五行相生相克之重，所以才有了手足的自相残杀。这是封建迷信，还是冥冥之中自有天意呢？#每天啥都不想干怎么办#收起全文d,[],0,0,0,13,negative
03月13日19:05,转赞人数超过20来自iPhone13ProMax,AG赵腾,学了好多有趣的小组件，觉都不想睡了果然，兴趣驱动比较快乐啊#每天啥都不想干怎么办#,['[二哈]'],0,0,3,30,mid
03月13日18:13,来自nova7Pro你在焦点在,清爽沁柠,宅家日常#每天啥都不想干怎么办#,[],0,0,0,0,mid
03月13日18:11,来自华为Mate40保时捷设计,陈宝Nevin-,#每天啥都不想干怎么办#乡下挑大粪的，不比这个强？一边在晃悠，还要担心大粪洒出来，神经系统一直在控制！啥玩意，还来自于意大利的专项发明，国人就这么容易被忽悠？#T.F整体疗法分享#,"['[允悲]', '[允悲]', '[允悲]', '[嘻嘻]', '[嘻嘻]', '[嘻嘻]']",0,0,0,0,negative
03月13日15:00,来自皮皮时光机,庄小贪,sweatdreams#每天啥都不想干怎么办#,[],0,0,0,2,mid
03月13日18:08,,糯米欧尼Ya,天气好就适合出去走走今日穿搭我i了#每天啥都不想干怎么办##ootd##今日穿搭#,['[爱你]'],0,131,273,1267,positive
03月13日18:05,来自iPhone客户端,可爱的鬼故事-,休息的日子好像开了两倍速#每天啥都不想干怎么办#2重庆,[],0,0,0,2,mid
03月13日18:05,来自iPhone客户端,没钱充共享单车的318骑手,#每天啥都不想干怎么办#天天看日落不想上班2惠州・张新村,['[打脸]'],0,0,0,1,mid
03月13日18:02,来自iPhone13Pro,Ko0ky,“什么样的年龄，就过好什么样的生活，时候到了，该你懂得事一件也不会少。”#每天啥都不想干怎么办#,[],0,0,1,1,mid
03月13日18:00,来自iPhone客户端,不丢的佛系主子,#每天啥都不想干怎么办#等小高下班中（手脚冰凉瑟瑟发抖……）2石家庄・正定古城,['[挖鼻]'],0,0,0,0,mid
03月13日17:57,,萧全,#每天啥都不想干怎么办#虽然来自嗦粉大省广西，但我觉得除了桂林米粉和螺蛳粉这两支独秀，广西的米粉文化还有待挖掘和出圈。可以借鉴一下隔壁湖南，用国潮的方式来做米粉文化，在长沙，甚至有一条湖南米粉街。长沙麻辣牛肉粉、永州卤粉、邵阳牛肉粉、衡阳鱼粉、津市牛肉粉、郴州杀猪粉，还有各种各样的拌粉、汤粉、炖粉、盖码粉。你可以“恰圆哒”也可以“恰扁哒”。虽然都挺重油重盐，但是不可否认，湖南乡亲在开发粉的品种上，真的是颇费心思。湖南美食#不可辜负的美食##美食分享#2长沙收起全文d,[],0,0,9,13,positive
03月13日17:54,来自nova5Pro人像超级夜景,里央-,遇见山茶花。#踏青##每天啥都不想干怎么办#2赣州,[],0,0,3,3,mid
03月13日17:52,来自iPhone客户端,唐糖小妹崽,发芽的小心情#每天啥都不想干怎么办#,[],0,0,0,2,mid
03月13日17:51,来自iQOONeo5生而为赢,坠落月球_小怪兽,#每天啥都不想干怎么办#不想上班还想有钱,['[熊猫]'],0,0,2,1,negative
03月13日17:50,来自iPhone7,・碎碎想念・,#每天啥都不想干怎么办#接着摆烂啊,[],0,0,0,0,mid
03月13日17:49,来自iPhone客户端,i林杨-,小众优质宝藏绝绝子手绘#情侣头像#｜一些朋友圈短句文案日出于东而落于西有人在爱你有人在远离做一阵风吧有温柔也有英勇四季周而复始的更替来年还是春风绕枝头我以为要不了多久就会见面所以分开的那天没有好好拥抱告别这是我最大的遗憾.你总不能像个落难者，告诉别人你的不幸，充当着可有可无的位置就没必要那么执着了，所以不合时宜的出现都是遗憾生活有在慢慢变好但是好像又在变糟身边的人走走停停飘忽不定很多话想说又不知道怎么说。宇航员在浩瀚宇宙数星星，我透过窗子对月亮许愿今晚能够梦到你。我会一直向前出发，我会走得很远，远过这些山丘，远过这些大海，直到靠近星星。你不肯清醒的话，看多少文案都没有用。君子以坦荡立于世间，必将步步生花，一路繁华。头像情侣头像#头像##每天啥都不想干怎么办#收起全文d,[],0,1,0,5,positive
03月13日17:46,来自挖金矿のiPhone12ProMax(金色),涛财神,当完队长…坐等潮汕大乱炖…#每天啥都不想干怎么办#2深圳,"['[吃瓜]', '[吃瓜]', '[吃瓜]']",0,0,0,0,mid
03月13日17:45,来自iQOO35G性能旗舰,碧海晴晴空,#每天啥都不想干怎么办##今日贴纸打卡#还有7天稳住，坚决服从组织安排,"['[doge]', '[加油]']",0,0,2,0,mid
03月13日17:41,来自vivo手机,二阳TM,#吉林加油##每天啥都不想干怎么办#你记得花花就不会枯萎你记得我我就在(BB)2长春,[],0,0,0,2,mid
03月13日17:41,来自iPhone客户端,UNSUPERJIN,#每天啥都不想干怎么办#唉我都快烦死了，也很焦虑，昨晚又没睡好！我觉得我大概率不考研了！考研国家线出来了……就我们这种物流专硕涨了15分！190了，那不得考到210才能进复试啊了！冷门都成热门了！以后都没有冷门专业了！这两天一直在摆烂！！！！周五回家没有学习！看到国家线以后更不想学了！我觉得自己失败的可能性很大！家里认为我考上的可能性也很小！都说我上本科都挺费劲！我也承认自己挺笨的！我尝试着学了管综，可是题目是很灵活，我又是那种死脑筋，有时根本转不过弯来！时间很紧张！最不完的可能性很大！也基本上不允许犯较大的错误！尤其是数学我真的很吃力！数学分册都是基础题目我自己一个也做不出来！！！我觉得不考又怕以后自己后悔！为什么没有坚持下来！工作以后再考谈何容易？难道脱产式学习？我觉得有些不现实！这两天也看了很多负面的消息！可是问问自己真的有百分之50的把握吗？我很明白自己的出身，所以我也不敢高攀985，普通双非都是奢求！家里人劝我想考不如考公务员！其实我还是想考事业单位的！公务员的竞争激烈程度怕是比考研还难！而且我所学的专业几乎在考公里找不到岗位！这是最头疼的！事业单位各个单位考试时间也不一样！也不能掌握准确的考试时间！况且考试什么也不清楚！岗位几乎都要求专业限制到底该怎么准备？都是问题！已经秃废了两天了！迷茫了！直接进场拧螺丝吗！不甘心！自己要平庸一生了吗！会不会也会成为最底层的劳动力！我真的要放弃了吗！我缺少这份勇气吗！感觉没了希望！2济南・山东管理学院收起全文d,[],0,0,3,0,negative
03月13日17:40,来自vivoAI智慧拍照X21,婵宝宝723,#生活碎片##随手拍#第一次看见开出小白花的勿忘我某天下班回家时刻波光粼粼的云朵也不知道蒜一样的郁金香能不能开一个礼拜奶茶偶尔尝试一下芋圆#每天啥都不想干怎么办#就想吃吃喝喝~玩玩乐乐~吃饭和旅游一样，环境超级重要,[],0,0,3,0,mid
03月13日17:40,来自iPhone13Pro,神首集团公主家大咖Athena,等疫情结束期待和大家相聚#今天穿什么##时尚穿搭#公主家#每天啥都不想干怎么办#,[],0,0,1,0,positive
03月13日17:40,来自iPhone客户端,c惠云,#每天啥都不想干怎么办#我才24就想进养老院。我太累了,['[苦涩]'],0,0,0,0,negative
03月13日17:39,来自iPhone客户端,祺姐丫,我爱过，伤过，痛过，恨过，就特么没瘦过！#抬头自拍大赛##减肥大作战##每天啥都不想干怎么办#2上海・金地广场,['[摊手]'],0,0,2,0,mid
03月13日17:35,来自iPhone客户端,教授侃数码,没事刷了下视频，发现这部剧有个bug：苹果手机怎么可能允许在电梯里面打电话呢#每天啥都不想干怎么办#,['[doge]'],0,0,3,5,mid
03月13日17:29,来自iPhone客户端,王什么千,#每天啥都不想干怎么办#摆就完事了,[],0,0,0,0,negative
03月13日17:24,来自微博国际版,五五柒肆柒五五,停电#每天啥都不想干怎么办#,[],0,0,0,1,mid
03月13日17:21,来自微博视频号,女王控日志,小时候幸福是一件很简单的事，长大了简单是一件很幸福的事。#每天啥都不想干怎么办#L女王控日志的微博视频,[],0,2,0,33,positive
03月13日17:20,来自微博weibo.com,不务正业的李雷,#每天啥都不想干怎么办#不是没有事情做，是真的不愿意动。典型的拖延症......我是重度拖延症患者（科研工作者一样会有拖延症），如果可以给拖延症分期的话，我大概就是那种晚期转移类型……曾经戏言deadline是第一生产力，每次都是卡着节点。为了对抗拖延症，我看了不少书，也做了不少笔记，然而还是那句话，道理是别人的，不是你的。所以，我就开始寻觅新的方法。说起来，大道至简，其实，对抗拖延症，办法就是：严格执行计划。我目前对抗拖延症初步有成效，这里分享一下：【找到拖延最大的敌人】我发现大部分时间都浪费在了碎片化的时间了。上网，刷微博，刷朋友圈，喝水，然后继续重复这样的过程。就这样，很快的时间就过去了。【避免时间碎片化】时间碎片化，是工作的大敌！看起来好像没做啥，打开手机刷一下，几分钟过去了；翻开新闻，看看内容，瞅瞅，又几分钟过去了。而且更可怕的是会循环，这简直就是时间大敌。之前看过一段话刷微博，刷朋友圈，喝口水，看几分钟papi酱――重复以上环节10到20次，很好，半天就过去了。钻进被窝的时候，不知道为什么，今天怎么不开心。觉得自己压根没干什么，心里空空落落。揣着一腔郁闷睡觉，醒来，仍旧重复前一天的节奏。睡前，空空落落*2，翌日，执行相同步骤，如是者，单曲循环。所以我限制自己的时间碎片化。甚至有的时候，你告诉自己上网是为了查东西，其实如果不是马上必需，请立刻停下来。把内容写到一个清单上，等空闲下来去处理。【做好严格计划】很多时候，是时间没规划好。比如一个课题，就是浆糊一团，总觉得时间还有。事实上，严格的做好计划，才发现，原来，事情可以这么分割。一个课题分割为：前期资料查询→实验材料准备→实验过程→实验结果处理→内容总结和撰写就这样划分，发现，原来以为的充足时间，其实并不那么充足。如果加上给自己容错的时间，那就更是如此了。【给自己一个奖励】我给自己许诺，如果这个星期我每天维持了10小时的工作学习时间，那么，周末我就可以去看一场电影，然后吃一顿大餐。目前为止，吃了好几顿了，但愿以后可以吃更多的，哈哈哈。我大体上在对抗拖延症的路上有了一些进展，我相信未来会有更多的进步。#微博公开课##微博新知博主#收起全文d,[],0,1,7,8,positive
03月13日17:18,来自大帅b的iPhone客户端,答案在这儿,#每天啥都不想干怎么办#在线求解答，关键我月底考试,['[微笑]'],0,0,0,1,positive
03月13日17:16,来自iPhone客户端,是珊珊呀_,#每天啥都不想干怎么办#周末可以无限循环么,[],0,0,3,1,mid
03月13日17:16,来自iPhone客户端,仙人掌城堡,#天气即天意##每天啥都不想干怎么办#春天在地里、我还穿着羽绒服、心冷！一上午都在折腾卖车、然后中午一起吃饭、全程无话、没有沟通这可怎么办呢？下午我自己睡到四点被喊起来回去！这算约会？算什么？真的太难受了！心情低落！不想说话了！,[],0,0,1,0,negative
03月13日17:15,来自OPPOReno5Pro5G,樊樊樊樊可,#诗歌##情感语录##每天啥都不想干怎么办#《野风》你怎么舍得我难过北方的春苹果白开水小调黑色的袜子上粘上白色的线在春风里摇好多个春路过好多个颜色绽放过把曾经拥有变成曾经又过了几个春来来去去反反复复没有反转的剧情没有观众买单。,[],0,0,0,0,negative
03月13日17:15,来自微博视频号,微博禁毒第一人马霄,【可耻！#男子偷闯女厕从缝隙抢手机被刑拘#】近日，云南曲靖。一男子偷入某电影院女卫生间，通过卫生间挡板缝隙将一女生手机抢走。该女生连忙追出，但不见男子踪影遂报警求助。经勘察，民警确认并抓获嫌疑人杨某。目前，杨某因涉嫌抢夺罪，被依法给予刑事拘留。#男子闯女厕从门缝抢走女生手机#@白鹿视频L白鹿视频的微博视频#每天啥都不想干怎么办#收起全文d,[],0,0,0,0,negative
03月13日17:11,,拖地的小僧,#每天啥都不想干怎么办#好多人有这种想法吧，尤其是长期不工作之后，这种状态特别明显。如果自己财务自由了，啥都不想干就躺着，躺着，还是躺着，每天让人伺候自己。如果没有财务自由，啥都不想干，那不得饿死，所以不用去想该怎么办，那是想多了。,[],0,0,0,0,negative
03月13日17:07,来自吉安超话,吉安-李不理,记得要把简单的生活过的有趣些工作时自律身体休息时治愈灵魂吉安2吉安・吉安海洋世界#潮流生活##每天啥都不想干怎么办##吉安生活#2吉安,[],0,0,1,1,positive
03月13日17:07,来自荣耀505G,一定要睡10个小时,#每天啥都不想干怎么办#焦虑,[],0,0,0,0,mid
03月13日17:07,来自iPhone13ProMax,Hey我是咖咖,我太喜欢笑起来甜甜的吕孩子了～我笑起来就不甜！且肉会乱走..我只适合当酷酷的吕孩！#每天啥都不想干怎么办#,['[哆啦A梦吃惊]'],0,0,4,6,positive
03月13日17:05,来自HUAWEIP40Pro5G,花衿茵梦,#自拍##随手拍##抬头自拍大赛#这个镜子会让人#上瘾#周末又要过去了#每天啥都不想干怎么办#2丽水・松阳县,"['[爱你]', '[爱你]', '[哈欠]', '[哈欠]', '[哈欠]']",0,0,1,1,mid
03月13日17:03,来自iPhone客户端,蔬菜就很好吃,情绪也有很大的力量。感觉身体再难受，也远不及消极的情绪带来的影响大。#每天啥都不想干怎么办#,[],0,0,0,0,mid
03月13日17:03,,青暮雪河,#每天啥都不想干怎么办#资本资本你必须要有资本嘛！否则啥也别说了，继续搬砖去因为连想一想的资格都没有的，柴米油盐酱醋茶，等到你认清的时候里已经过了躺平的年纪了,"['[吃惊]', '[吃惊]', '[求饶]', '[求饶]', '[求饶]', '[悲伤]', '[悲伤]', '[悲伤]']",0,0,0,1,negative
03月13日17:03,来自iPhone客户端,有一种月亮-,每天都不想学习#每天啥都不想干怎么办#2酒泉,[],0,0,7,16,mid
03月13日17:01,来自猪咪困困Android,・和坤子哥见面・,#每天啥都不想干怎么办#那就躺平,['[抱一抱]'],0,0,0,1,mid
03月13日16:56,来自iPhone客户端,爱你3000遍-,#每天啥都不想干怎么办#世上无难事，只要肯放弃,[],0,0,0,0,mid
03月13日16:52,来自RedmiNote11Pro+,我很小气cute,#每天啥都不想干怎么办#只想吃喝玩乐,"['[开学季]', '[开学季]', '[开学季]', '[开学季]', '[开学季]', '[开学季]']",0,0,0,0,mid
03月13日16:49,来自荣耀30青春版5G,老张他的星星,不是工作太难而是我太难了#每天啥都不想干怎么办#2南宁,[],0,0,0,0,mid
03月13日16:48,来自微博视频号,全世界青少年熬夜大赛冠军,《我摆烂的一生》#每天啥都不想干怎么办#L全世界青少年熬夜大赛冠军的微博视频,[],0,0,0,0,positive
03月13日16:48,来自iPhone11ProMax(暗夜绿),一只彼得兔YC,#每天啥都不想干怎么办#只想睡觉！只想做梦！2济南・济南长清大学城,[],0,0,0,7,mid
03月13日16:47,来自vivoU3强劲芯动力,等愚齐,虽然已进入吃土状态，还是智慧不足，执念太重！感谢小红书@文遗世界提供一双慧眼，让我见识世界苦难之余还有如此呆萌可爱的护法，愿众生离苦得乐！#每天啥都不想干怎么办##佛法看世间#,[],0,0,0,0,positive
03月13日16:46,来自iPhone12Pro,霹雳辣妈嘟嘟嘟,离职少女终于不用再在周六写周报了，所以赶紧献殷勤做了顿晚餐给队友～吃完饭火速出发去看了场贺岁档电影，也算是弥补了好几个月没看上电影的遗憾～电影院大躺椅还没人，舒服舒服#生活的模样##家庭陪伴计划##每天啥都不想干怎么办#2北京,"['[污]', '[污]']",0,0,4,2,positive
03月13日16:45,来自微博视频号,VIGOROUSLIFES,春天来了，刷脂还要等吗？今年春天来得晚，但一下子这么猛！没来得及穿春装呢，好像马上要可以穿短袖了！爱美的人着急了，我这一身的肉肉可怎么办啊？春天来了春天来了，刷脂不要等了，行动起来吧！也许你会说：我人到中年了，胖点瘦点好像不打紧吧？又不相亲找对象！可是你不知道肥胖会带来多少病痛吗？中年的你，上有老下有小的，病不起！你只有健康才能扛起一切！你只能健康不许肥胖！减脂后自己都浑身舒服所以，赶紧的，不要懒，打开春季刷脂的姿势！《黄帝内经》里说“春发，夏长，秋收，冬藏”。冬天不敢出大汗，现在可以放开了练了！锻炼新手的你，怎么样在春天快速刷脂？我今天讲讲在健身房练器械的刷脂方法。第一：还是要注意吃了！“三分练，七分吃”，可以少吃多餐，多吃优质蛋白质，包括鸡胸肉、牛肉、瘦猪肉、鱼肉、鸡蛋、牛奶等。少吃碳水化物，包括所有的粮食类，糖类。多吃含纤维高的蔬菜，少吃含糖高的水果。把零食戒掉！把烟酒戒掉！把饮料戒掉！这些是大原则，具体怎么吃，日后我会写篇详细文章供参考。仅供参考第二：练器械（力量训练）+有氧训练。最好一周能练五-六次。最少一周练三次。一定要有计划科学地练，切忌想到什么练什么下面我会放个简单计划供参考。什么时候我才练得这么好刷脂的原则：1.先练器械后练有氧2.器械总训练时长不低于五十分钟3.低强度有氧（跑步、跳操之类）再做三十分钟，高强度有氧（HIIT、TABATA等）做15分钟。个人喜欢高强度运动，据专家研究，15分钟高强度有氧，等于四十分钟到一小时低强度有氧。有氧操4.练器械时，每个动作做5组*15次，组间（就是做完一组再做下组之间）休息要稍长，和做动作时间比为1:6，就是比方做15次动作用了20秒，那么休息时间为2分钟。5.练器械时，多做复合运动，比如健身三大项：深蹲、硬拉、卧推等。少做或暂时舍弃小关节运动，比如：肱二头肌弯举等等此类。器械训练参考大计划一（练五天的）（大计划）周一：胸+有氧周二：臀+有氧周三：背周四：肩+臂+有氧周五：臀腿+有氧*以上计划休息周末两天，也可以把周三或周四休息，以后的计划错后一天。参考计划二（练三天的)周一：胸+肩前中束+肱三头+有氧周三：背+肩后束+肱二头+有氧周五；臀+腿*以上计划是练一天休息一天，所以每天会稍微累一些，但仍需控制锻炼总时长在一个半小时以内。如果觉得练不完，可以舍弃一些小动作。#努力刷脂的日常##每天啥都不想干怎么办#LVIGOROUSLIFES的微博视频收起全文d,[],0,28,5,148,positive
03月13日16:45,来自Android,Dawn911005,#每天啥都不想干怎么办#摆烂，坐化升仙，等着上天,"['[awsl]', '[awsl]', '[awsl]']",0,0,0,1,mid
03月13日16:40,来自vivoS12,盐味儿薄荷叶,周末两天，摆烂了又#每天啥都不想干怎么办#,[],0,0,2,1,mid
03月13日16:39,来自OnePlus9R,我爱吃大鹅eeeeeee,就是说，很无聊啊姐妹们！！文献看不下去！呜呜呜呜呜！怎么办！！好怀念大学啊#没有疫情的大学生活什么样##每天啥都不想干怎么办#,[],0,0,1,2,negative
03月13日16:37,来自我的生活态度超话,chrome-h,那就浅更一哈哈#每天啥都不想干怎么办#我的生活态度,[],0,0,0,2,mid
03月13日16:34,来自XiaomiCivi,想学坤坤打篮球,绿豆冰棍没有绿豆，你的眼里没有我#每天啥都不想干怎么办#2广州,[],0,0,0,2,mid
03月13日16:29,来自RedmiK20Pro尊享版,葱油饼不带葱,不仅仅秋天才有收获，因为四季都在成熟，晚安！#拯救不开心##这届考研生究竟有多难##每天啥都不想干怎么办#,[],0,0,0,1,positive
03月13日16:28,来自段子手超话,薇妮小面包,这洗衣机怎么回事#每天啥都不想干怎么办#L薇妮小面包的微博视频,['[抱一抱]'],0,0,0,1,mid
03月13日16:18,来自HUAWEIP40Pro5G,学徒阿民,#每天啥都不想干怎么办#我想出去干点什么事情哪怕是出去吹吹风早上起来我就想着想着想着睡着了躺了一天,[],0,0,0,1,mid
03月13日16:14,来自Android,于筱思,"#每天啥都不想干怎么办#我到了这个阶段了...狠狠emo动力在哪里~我需要动力和鞭策看来还是因为午觉没睡下午狠狠地无精打采了我需要重新养成一个适合的学习生活作息才行,,^,,加油","['[顶]', '[顶]']",0,0,0,0,positive
03月13日16:06,来自iPhone客户端,xxxxxYn123,#每天啥都不想干怎么办#我有超能力任何事情都超出我的能力,[],0,0,0,0,mid
03月13日15:47,转赞人数超过50来自iPhone12ProMax,心理咨询师刘晨曦,#每天啥都不想干怎么办#其实“啥也不想干”的人恰恰是“完美主义者”，对自己要求很高，一旦做什么就想做到足够好，足够让自己和别人满意。但正因为这样的心理，反而顾虑纠结，不知道如何踏出第一步才妥当，或者做了一点发现不满意就开始自我否定，如此一来，内耗很大，干脆放弃躺平。给这些要么不动，一动就要足够理想完美的人，建议：1.放下对自己的内在苛刻要求，学会接纳自己；2.完成比完美重要，每天做一点点比啥也不干其实更让人舒服，轻松。收起全文d,[],0,19,3,53,positive
03月13日15:37,来自iPhone客户端,我是海姑娘,#每天啥都不想干怎么办#想干很多事,['[奥特曼]'],0,0,0,0,mid
03月13日15:27,来自iPhone12,哆啦一个喵,#每天啥都不想干怎么办#先确定是不是抑郁症等心理疾病如果不是，基本上，热爱生活的人，都会或多或少的会有自己想做或者该做的事儿，如果没有想做的事儿，那就先把该做的事儿做好，做好该做的事儿，其实也够一个人忙活的了,"['[笑cry]', '[笑cry]', '[笑cry]', '[赞]', '[赞]', '[赞]']",0,0,0,0,mid
03月13日14:23,来自荣耀20PRO,向南之南1994,#每天啥都不想干怎么办#在还没有在#潭州教育#学习之前，为了能够拍摄到更多的美景风光，我走过的国家和城市不计其数，路过名山大川，看过碧海蓝天。2长沙・步步高梅溪新天地,[],0,0,0,0,positive
03月13日14:17,来自微博weibo.com,郑芝麻,#每天啥都不想干怎么办#结合上一条，谈谈热爱。我的圈友问我：自己有喜欢的事情，也愿意去做，但是很怕失败，如何确定这就是你想做的事呢？――这可能也是你的困惑。很多人在投入去做一件事之前，想着性价比，回报如何。如果回报很差，不及预期，或者【失败了】，那么我做这件事就是浪费时间，我不要去做。换言之，他们一定要等待，等待一个信号，告诉他：这是百利无一害的，机会难得，快去吧！然后，他们就屁颠屁颠去了。现实却是，根本没有这样的信号。上天不可能在你没开始投入之前，到处亮起信号灯，告诉你：快去吧，这件事特别好。也不会有哪个商机疯狂提醒你：你再不来，就要错过年入百万的机会了！有这种好事，大家都会去。重要的是，不如自救。你是否把握住机会，全力以赴？扪心自问一下，你会有答案。#自我提升#收起全文d,[],0,2,3,10,negative
03月13日13:31,来自臭臭猫和胡萝卜兔超话,Poker郄-QieYao,臭臭猫和胡萝卜兔@臭臭猫和胡萝卜兔……听说星巴克杯子里发现了蟑螂………………还好我不喝咖啡………我TM是螳螂…………#漫画##每天啥都不想干怎么办#,"['[吐]', '[吃惊]', '[吃惊]', '[哼]', '[汗]']",0,4,4,5,negative
03月13日13:29,转赞人数超过100来自微博weibo.com,三铜钱,八字强的人很少碎嘴，绝大多数弱的人喜欢在后面碎嘴，因为强的人天生事业心强，忙于工作，哪有时间去嚼舌根，计较抱怨。不要让别人的想法决定你的人生，因为你的人生，不关他人的事。经历多了，你就会慢慢发现，一颗好心，永远比不上一张好嘴。不要太在意某些人的话，因为他们有嘴，但不一定有脑。见识越广，计较越多，经历越多，抱怨越少。越忙，越充实，越闲，越矫情。人生就是这样，错过了就再也回不来了。#盗取天机##每天啥都不想干怎么办#三铜钱佛教语录收起全文d,[],0,30,6,102,negative
03月13日12:49,来自HUAWEIMate40,复试过且选到想要的导师,#每天啥都不想干怎么办#是我了,"['[跪了]', '[跪了]']",0,0,0,0,mid
03月13日12:40,来自Redmi10X4G版,他哩鹤,#每天啥都不想干怎么办#摸一下鱼很健康,['[doge]'],0,0,0,0,mid
03月13日12:40,来自HUAWEIMate305G,美丽的马宁宁,#每天啥都不想干怎么办#就是说准博士的我隔离已经玩了10天了可怕可怕2上海・上海大学(宝山校区),[],0,0,2,3,mid
03月13日12:22,,琛照,懒散有几种1.印旺为忌，想太多太保守而行动力不足的懒，2.财旺为忌，欲望太多，想要太多，能力不足的懒，3.食伤旺为忌，想法太多点子如同烟花绚烂，实操不行的懒，4官杀混杂而为忌，这是真焦虑，真严苛，把自我制废了的懒。类型不一，处理方式不同。下条微博详细写。#每天啥都不想干怎么办#,[],0,1,2,2,negative
03月13日12:22,,琛照,#每天啥都不想干怎么办#把这个问题的底层逻辑搞清楚，你就立马能“活动”起来了。成年人并不存在每天啥都不想干的“绝对情形”，不是不想干，而是不想干那些不喜欢的事情，或者自己想做的事情没有找到“做事的成就感”从而无法下手，只能“躺平”。除非是福报大带来的真佛系，一般人是躺不平的。躺平只是一种修正身心，就好像悬浮液通过静置沉淀，从而提纯精华的过程。所以看起来是啥啥啥都不干了，都不想干。内卷的反面绝对不是“反内卷”，更不是“摆烂”。人到成年之后，早年带来的智性不足以维持在纷繁嘈杂的社会里混得游刃有余的时候，每一步的行动都会带来评判啊，执念啊，妒忌啊，自我否定等打压的时候，这个内耗简直是太多太大了。所以“不想干”其实反倒是一种保护和过度期。内卷的反面=不卷/拒绝卷在不卷以及拒绝卷的时期，你可能就会表现出啥都不想做的样子，因为不喜欢，不会，所以不想。不卷的下一步升级=喜欢+审美+创造力经过躺平的沉淀，你能接纳自己，开始看清之前模式的不好，开始审美，用单纯好用的模式去做事，逐渐树立自信心，做事有意思的时候，人就无法再躺平了。就好像小孩子一样，你让他不做什么，才是煎熬呢！所以，不想做，就不做，不内耗，接纳自己，找点儿快乐的事情，把自我养起来，你就能再次出发了。祝福大家。收起全文d,"['[鲜花]', '[鲜花]', '[心]', '[心]', '[心]', '[心]']",0,2,1,4,mid
03月13日12:14,来自nova5Pro人像超级夜景,DD戴红娟,#每天啥都不想干怎么办#在#潭州教育#摄影期间，我碰到不太明白的地方，讲师们都会为我及时解答，有时还会帮我进行照片的后期处理。特别感谢讲师们的悉心指导，让我的摄影水平得到快速的提高。,[],0,0,0,0,positive
03月13日11:59,来自iPhoneXSMax,头发洗多了会油,#每天啥都不想干怎么办#每日一省,[],0,0,0,0,mid
03月13日10:56,来自Android,美味的我o,#每天啥都不想干怎么办#我只想躺在床上呃啊,['[衰]'],0,0,0,1,mid
03月13日10:45,来自HUAWEIMate305G,一涟人,#每天啥都不想干怎么办##每天啥都不想干怎么办#开摆开摆（提一句我今天歇班）,['[doge]'],0,0,0,2,mid
03月13日10:22,转赞人数超过4万来自微博视频号,洪浚嘉HJ,#minivlog#天暖了，哥该把衣服穿上了腹肌君要暂时休假了。来，走你～就像我每天都不想营业#每天啥都不想干怎么办##我的生活引力#L洪浚嘉HJ的微博视频,"['[二哈]', '[跪了]']",0,3125,4204,37685,mid
03月13日10:08,来自微博搜索,裸枪,#每天啥都不想干怎么办#那就只能被干了,[],0,2,0,7,negative
03月13日10:07,来自iPhone客户端,惠子瞎叨叨,#每天啥都不想干怎么办#2郑州L惠子瞎叨叨的微博视频,[],0,0,1,2,negative
03月13日09:51,转赞人数超过10来自iPhone客户端,yan西笨,头发长了想剪短了就想留长染深了想染浅染浅了想染深#每天啥都不想干怎么办#就想折腾,[],0,0,11,11,mid
03月13日09:23,来自HUAWEIMate30,木黄金帛人农,#每天啥都不想干怎么办#这是种病吧。,[],0,0,0,0,mid
03月13日09:18,转赞人数超过800来自哒妹超话,哎呀呀是哒妹阿,哈哈哈哈哈！周末快乐今天是电量不足的粉天鹅哒！坚持到最后太累坚持不住了…罢工不跳了哈哈哈哈哈～哒妹#每天啥都不想干怎么办##萌娃养成记##哒妹的成长记#,[],0,67,703,1963,positive
03月13日09:12,转赞人数超过10来自iPhone客户端,菜菜不吃香菜yo,每天的嘴部运动:哈哈哈哈哈#OOTD##每天啥都不想干怎么办##拍照#2韶关,[],0,0,5,16,positive
03月13日09:09,来自小米10青春版5G,我只想永远吃果冻,#每天啥都不想干怎么办#我真的疲倦于每天的沟通，和形形色色的人，和乱七八糟的事，这都让我身心俱疲，我消耗在沟通的精力和时间远超于我实际实际工作这个动作的时间，不管你站在哪一个位置，和人沟通真的好累好累好累。,[],0,0,0,1,mid
03月13日08:59,来自客户端Android,飘不到云里头,#每天啥都不想干怎么办#[微笑趣泡]#成长有态度#摆烂，坐化升仙，等着上天。,[],0,0,4,5,mid
03月13日08:51,转赞人数超过30来自微博视频号,樊登读书官方号,#如何缓解35岁焦虑##每天啥都不想干怎么办#什么样的心态容易让人快乐？L樊登读书官方号的微博视频,[],0,11,0,31,mid
03月13日08:41,转赞人数超过30来自微博weibo.com,三铜钱,八字强的人有自己的原则和底线，所以不会轻易帮助别人，而且很敢于拒绝别人。做决定很果断。但弱的人往往容易成为老好人被拖下水。记住，人再善良，这5种忙也不要帮！1.超出自己能力的忙。2.伤害到另外一个人的忙，别帮.3.替别人做重大决策的忙，不帮。4.涉及金钱利益的忙，不帮。5.不被感激的忙，别委屈自己去帮。帮人要力所能及，感恩的人不会总是找人帮忙，因为不好意思，我就是别人求我帮忙，我不好意思拒绝，我求别人我又开不了口。别人占我便宜，我不好意思占别人便宜的老好人。后来发现，不懂得拒绝别人，怕伤害别人，最后受伤的都是自己。要记住，善良过了度，就把善良当成了理所当然。#盗取天机##每天啥都不想干怎么办#三铜钱佛教语录收起全文d,[],0,20,2,42,mid
03月13日08:39,来自RedmiNote11Pro,灰兔鹅派斯i7,#每天啥都不想干怎么办#是我,[],0,0,0,0,mid
03月13日08:02,来自HUAWEIP30,这是冰冰yer,#每天啥都不想干怎么办#摆起来了我要睡觉,"['[抓狂]', '[抓狂]', '[抓狂]']",0,0,0,1,mid
03月13日07:31,来自iPhone客户端,路深鹿,#每天啥都不想干怎么办#郁金香种花，等发芽开花，拍照记录2长沙,['[爱你]'],0,0,0,3,positive
03月13日06:37,转赞人数超过30来自微博weibo.com,三铜钱,八字里食神格和伤官格的人也容易招小人的，因为这类人往往嘴快，大嘴巴，碎嘴，说话不经过大脑思考。所以这类人在职场是被小人坑死的，虽然这类人智商很高，但聪明过头就是愚蠢。清晨的粥，比深夜的酒好喝，骗你的人，比爱你的人会说。嘴，只有装哑才不惹祸，眼，只有装瞎才不流泪，人，只有装傻才会轻松，有些事知道太多，未必是好事。揭穿了谎言，冷的是情，知晓了真相，痛的是心，难为了别人，困扰了自己。做人，有好的心态很重要，懂得感恩，才有一切。对你好的人，一辈子都别忘，拿你当傻子的人，一辈子都别交！#盗取天机##每天啥都不想干怎么办#三铜钱佛教语录收起全文d,[],0,17,2,39,negative
03月13日05:09,来自OnePlus8,心想事成这个小愿望,#每天啥都不想干怎么办#真的,[],0,0,0,0,mid
03月13日03:19,来自OPPOReno45G,给爷早起去读书,#每天啥都不想干怎么办#嘻嘻,[],0,0,0,0,positive
03月13日00:56,来自iPhone客户端,skiponies,#每天啥都不想干怎么办#开摆,[],0,0,0,0,mid
03月12日23:59,来自iPhone客户端,开原耶,#每天啥都不想干怎么办#谁在偷窥我,['[抓狂]'],0,0,0,0,mid
03月12日23:48,来自Android,小Y今天不发疯,#每天啥都不想干怎么办#天天摆烂,['[开学季]'],0,0,0,0,mid
03月12日23:41,来自绿绿的iPhone12(绿色),美好事物_2022,#每天啥都不想干怎么办#我也不知道怎么办,[],0,0,1,1,mid
03月12日23:33,来自HUAWEIP30Pro,清朗的世界,#每天啥都不想干怎么办#总是觉得好困一样，我觉得可能是亚健康，运动太少了。,[],0,0,3,5,mid
03月12日23:23,来自iPhone客户端,刘百万是我的崽,文字背景图#每天啥都不想干怎么办##朋友圈文案##情侣头像#L刘百万是我的崽的微博视频,[],0,0,0,0,mid
03月12日22:58,来自小米10,斜阳白赶-趟,#每天啥都不想干怎么办#那就躺着呗继续过我咸鱼的一生2香港,[],0,0,0,0,positive
03月12日22:58,来自iPhone客户端,爱练武术的哲学家,#每天啥都不想干怎么办#找手机里推荐的游戏玩,[],0,0,0,0,mid
03月12日22:50,来自微博国际版,MagicLuluxiYa,#每天啥都不想干怎么办#不怎么办，那就瘫着，啥都不干！,[],0,0,0,0,negative
03月12日22:43,来自vivoZ5全面实力派,就这样抱着你,#每天啥都不想干怎么办#啥都不想干得时候看看微信余额，看看花呗账单（银行卡都用不着）会逼着自己硬干的,[],0,0,0,0,negative
03月12日22:33,来自万事顺意Android,月亮河畔守护星,#每天啥都不想干怎么办#咸鱼了不想努力,[],0,0,0,0,negative
03月12日21:51,转赞人数超过10来自微博weibo.com,美的厨热电器,#每天啥都不想干怎么办#每天叫醒你的不是梦想，也不是尿急而是不安分的灵魂，因为饿了,"['[NO]', '[送花花]']",0,232,32,507,mid
03月12日21:48,来自iPhone13ProMax,插线板着火了,#每天啥都不想干怎么办##你有朋友圈依赖症吗#睡了一下午还困我太闲了♀2兰州,[],0,0,3,8,negative
03月12日21:37,来自Android客户端,EXOhlalala,#每天啥都不想干怎么办#那就做梦（不是）,[],0,0,0,0,mid
03月12日21:20,转赞人数超过100来自微博视频号,TJandClaire,当我运动完不想见人又突然想吃辣条…这男人今天话有点多买啥都问题那么多#情侣日常##治愈不开心##反转##搞笑视频##轻松一刻##老外##每天啥都不想干怎么办#LTJandClaire的微博视频,['[doge]'],0,4,17,255,mid
03月12日21:15,转赞人数超过200来自日常超话,Yannie想吃也想瘦,Yannieの生活小碎片No.101“默契发生在每一个下一秒”“爱上同一种口味的蛋糕”日常#plog博主日记##每天啥都不想干怎么办#,[],0,1,6,234,mid
03月12日20:58,来自荣耀Play4TPro,向易命理风水研究,#人生感悟##每天啥都不想干怎么办#每一天一点一滴的努力，引领你到你想要到的地方去，带着你去完成你的梦想。,[],0,2,0,4,positive
03月12日20:51,来自微博国际版,熊齐的妈妈,#每天啥都不想干怎么办#怎么办...,[],0,0,0,0,mid
03月12日20:37,来自微博视频号,饺子的_姣,#超能新星汇##生活碎片##玩转卡点影集##2022新年健身flag##你有朋友圈依赖症吗#Day59腿+臀+小有氧我希望每一次健身，都在心流状态，只身+心都在其中，这样才能更高效虽然，这是很理想的状态，但是要努力靠近这样的状态，并好好想想如何增加挑战or技巧加油！#健身##每天啥都不想干怎么办#昨个下班后就是这样的状态但很不喜欢啥也不想干的这种状态但今天就不一样了崛起了哈哈哈哈2北京・南邵L饺子的_姣的微博视频收起全文d,[],0,1,1,1,positive
03月12日20:35,来自OPPOReno4SE5G,我才不是隐身怪惹,#每天啥都不想干怎么办#是谁在监视我摆烂的一生,[],0,0,0,0,mid
03月12日20:31,,天虹,#每天啥都不想干怎么办#来和小天聊聊天呗~你有没有那么一瞬间，觉得很累啥也不想干？,['[疑问]'],0,4,16,10,mid
03月12日20:02,转赞人数超过30,主力求您别割我,#每天啥都不想干怎么办#当代青年五大现象持续性不想上班，间隙性崩溃送命式熬夜，做梦式暴富，习惯性治愈,"['[微笑]', '[微笑]']",0,0,9,57,positive
03月12日19:41,来自iPhone客户端,以后少吃鱼7,盛大永恒的春日限定#每天啥都不想干怎么办#2贵阳・贵州民族大学人文科技学院,[],0,0,0,3,mid
03月12日19:41,来自iPhone客户端,Xzzz七一安,#每天啥都不想干怎么办#摆烂，一直摆烂,[],0,0,1,1,mid
03月12日19:19,来自iPhone,IYa_筱鑫,碎碎念碎碎念下吧黑豆从不喝茶都开始泡茶养生了在家日子呆的久了发现某弟身上还挺多优点买个好吃的拿个水杯还挺痛快黑豆说你们两个这次相处得还挺愉快小区里面有了1例get第七次核酸检测估计茧子要出来了chu的确实有点疼了这日子啥时候是个头呀某弟去小铺咸菜都没得卖了今天出息开个电脑发现电脑长时间不开上盖也开不开了#每天啥都不想干怎么办#2吉林市收起全文d,[],0,0,7,1,positive
03月12日19:16,来自iPhone客户端,ZM-萌萌哒,人家的抖音都是诗与远方，心灵鸡汤……我这就厉害了～天天都是美食的诱惑：种草美食，团购套餐不说，现在一打开都是俄罗斯零食甭说巧克力还真美味，感觉和瑞士的味道差不多，而且价廉物美，给了吃货更多的上升空间#每天啥都不想干怎么办##俄罗斯##俄罗斯美食#,['[喵喵]'],0,0,0,0,positive
03月12日19:03,来自HUAWEIMate40,_Hysteric_,#每天啥都不想干怎么办#来开摆@dudulu_-,[],0,0,2,0,mid
03月12日18:59,转赞人数超过10来自iPhone13Pro,下饭猫,#每天啥都不想干怎么办#世上无难事，只要肯摆烂？清醒一点，人不能既为情所困，又为钱所困。,[],0,2,11,14,mid
03月12日18:59,来自iPhone客户端,marshmallow1111,#每天啥都不想干怎么办#笑死，哄睡新技巧get我要是搞个半夜看论文写论文直播，是不是很多无聊的夜猫子能秒睡,[],0,0,0,2,negative
03月12日18:59,转赞人数超过70来自点评,你的星仔Suki,#微博超级主场#工作久了，都不知道怎么聊天了成都一下进入了夏天的温度都还没准备好穿裙子#今日巨好看##每天啥都不想干怎么办#我也进入了无欲无求的状态，如果可以，大概每天都想看着对面的山，吹着风，闭着眼晒太阳吧小黑裙：搞忘牌子了晚点check饰品：APMMONACO,[],0,0,61,80,mid
03月12日18:52,来自微博weibo.com,赵一帆的小屋呀,拍自己喜欢的落日，小猫！真的很开心！！！攒一攒！永远开心！！#每天啥都不想干怎么办##漫画#,['[新蝙蝠侠]'],0,0,0,0,positive
03月12日18:52,来自Android,青山在别处,躺了一整天，想去很多地方。#每天啥都不想干怎么办#,[],0,0,0,1,mid
03月12日18:50,来自坚果手机R1,九月xyz,中午不休息真的不行一下午都特别头昏脑闷#每天啥都不想干怎么办#,[],0,0,0,0,mid
03月12日18:47,来自iPhone13ProMax,山川・白泽,日常#每天啥都不想干怎么办#L山川・白泽的微博视频,[],0,0,0,2,mid
03月12日18:40,来自iPhone客户端,绾钰_ChuQIAN,#每天啥都不想干怎么办#论上班拥有好玩儿的同事能抵消一半的工作焦虑手上的产品从去年11月干到现在终于接近了尾声每天核酸成为了家常便饭就会特别向往诗和远方或许生活就是一路上不断吐槽cnm还要砥砺前行2西安・西安兵器科技产业园,"['[坏笑]', '[泪]', '[思考]', '[摊手]']",0,0,6,1,positive
03月12日18:37,来自小米10S,GOT7_JacksonWang,#每天啥都不想干怎么办#咱就是说不要强求,[],0,0,2,8,negative
03月12日18:32,来自iPhone12ProMax,W_DoubleB,#每天啥都不想干怎么办#就摆烂啊，上班很痛苦，下班就是想躺着，休息日也想躺着，我就想和床融为一体,[],0,0,1,0,mid
03月12日18:31,来自Android,安静珂珂,#每天啥都不想干怎么办#把时间浪费在美好事物上,[],0,0,0,1,mid
03月12日18:22,来自微博视频号,禅林恒月,生命的维系，不是徘徊于当前的缺失，而在于对生命信念的承诺和面对烦恼的勇敢，不管当下是你想要的生活还是你不想要的生活，生命的节奏，从来都不是在困惑中徘徊，而是就算泪流满面，也要思考怎样才能向前。#随手拍禅意##每天啥都不想干怎么办#L禅林恒月的微博视频,[],0,4,3,12,positive
03月12日18:21,来自iPhone客户端,有梦不觉累阿,能不能先别嫁他，彩票我每天都在坚持买......#每天啥都不想干怎么办#,[],0,0,0,1,mid
03月12日18:19,来自iPhone客户端,文成堂文化传播,#收藏##约会博物馆##每天啥都不想干怎么办#2天津L文成堂文化传播的微博视频,[],0,0,0,1,mid
03月12日18:17,来自OPPOA32,是嘉期,一些#每天啥都不想干怎么办#,[],0,0,0,1,mid
